query,value,keyword,region_code,query_type
short pant,100,pant,MY,top
uniqlo,43,pant,MY,top
uniqlo pant,40,pant,MY,top
baggy pant,22,pant,MY,top
sweat pant,18,pant,MY,top
khakis pant,13,pant,MY,top
carhartt brandon pant,13,pant,MY,top
rishabh pant,12,pant,MY,top
baggy pant,80,pant,MY,rising
sweat pant,60,pant,MY,rising
dress code,100,dress,MY,top
dress up,73,dress,MY,top
wedding dress,71,dress,MY,top
black dress,56,dress,MY,top
dress malaysia,47,dress,MY,top
women dress,46,dress,MY,top
white dress,43,dress,MY,top
red dress,33,dress,MY,top
blue dress,33,dress,MY,top
long dress,29,dress,MY,top
dress to impress,28,dress,MY,top
dress for women,27,dress,MY,top
dinner dress,22,dress,MY,top
pink dress,21,dress,MY,top
dress up darling,21,dress,MY,top
chinese dress,20,dress,MY,top
sexy dress,20,dress,MY,top
dress shirt,19,dress,MY,top
night dress,18,dress,MY,top
my dress up darling,17,dress,MY,top
short dress,15,dress,MY,top
formal dress,14,dress,MY,top
maxi dress,12,dress,MY,top
dress shoes,12,dress,MY,top
mini dress,12,dress,MY,top
black tie dress code for women,7950,dress,MY,rising
my husband gave her my wedding dress,4850,dress,MY,rising
vortella dress up,500,dress,MY,rising
body con dress,200,dress,MY,rising
smock dress,90,dress,MY,rising
maternity dress,90,dress,MY,rising
vietnam traditional dress,80,dress,MY,rising
sweater dress,60,dress,MY,rising
vera wang wedding dress,40,dress,MY,rising
roblox t-shirt,100,t-shirt,MY,top
shirt,62,t-shirt,MY,top
baju t-shirt,36,t-shirt,MY,top
t-shirt design,34,t-shirt,MY,top
t-shirt printing,19,t-shirt,MY,top
white t-shirt,18,t-shirt,MY,top
roblox t-shirt girl,17,t-shirt,MY,top
t-shirt roblox boy,15,t-shirt,MY,top
collar t-shirt,14,t-shirt,MY,top
t shirt roblox,13,t-shirt,MY,top
t-shirt roblox black,11,t-shirt,MY,top
xxxxl t-shirt,7,t-shirt,MY,top
t-shirt design template,3,t-shirt,MY,top
xxxxl t-shirt men,2,t-shirt,MY,top
t-shirt printing near me,2,t-shirt,MY,top
louis vuitton t-shirt original,2,t-shirt,MY,top
t-shirt women's xxxxl shirts 2025,1,t-shirt,MY,top
xxxxl shirts 2024,1,t-shirt,MY,top
balenciaga t-shirt original,1,t-shirt,MY,top
roblox studio,1,t-shirt,MY,top
t-shirt women's xxxxl shirts 2025,17400,t-shirt,MY,rising
xxxxl shirts 2024,17050,t-shirt,MY,rising
balenciaga t-shirt original,16550,t-shirt,MY,rising
roblox studio,15350,t-shirt,MY,rising
collar t-shirt,110,t-shirt,MY,rising
t-shirt printing near me,100,t-shirt,MY,rising
t-shirt design template,90,t-shirt,MY,rising
xxxxl t-shirt,70,t-shirt,MY,rising
louis vuitton t-shirt original,50,t-shirt,MY,rising
t-shirt design,50,t-shirt,MY,rising
cargo pant,100,pant,TH,top
pant แปล ว่า,85,pant,TH,top
carhartt brandon pant,29,pant,TH,top
plant,18,pant,TH,top
pants แปล ว่า,15,pant,TH,top
boot cut pant,12,pant,TH,top
boot cut pant,33700,pant,TH,rising
carhartt brandon pant,250,pant,TH,rising
dress code,100,dress,TH,top
dress up,52,dress,TH,top
wedding dress,47,dress,TH,top
dress to impress,43,dress,TH,top
black dress,31,dress,TH,top
white dress,26,dress,TH,top
ชุด dress,26,dress,TH,top
thai dress,24,dress,TH,top
dress แปล,22,dress,TH,top
red dress,19,dress,TH,top
dress up darling,18,dress,TH,top
my dress up darling,17,dress,TH,top
pink dress,14,dress,TH,top
shirt,14,dress,TH,top
dress shirt,14,dress,TH,top
mini dress,13,dress,TH,top
dress แปล ว่า,11,dress,TH,top
maxi dress,10,dress,TH,top
midi dress,9,dress,TH,top
casual dress,9,dress,TH,top
chinese dress,9,dress,TH,top
formal dress,8,dress,TH,top
night dress,7,dress,TH,top
lace dress,7,dress,TH,top
sexy dress,7,dress,TH,top
blouse,300,dress,TH,rising
poster dress,180,dress,TH,rising
poem dress,140,dress,TH,rising
low cut dress,140,dress,TH,rising
peppermayo dress,120,dress,TH,rising
dress syndrome,110,dress,TH,rising
bandage dress,100,dress,TH,rising
dress syndrome criteria,100,dress,TH,rising
dress code แปล ว่า,100,dress,TH,rising
fancy dress,90,dress,TH,rising
kimono dress,80,dress,TH,rising
chanel dress,70,dress,TH,rising
dress อ่าน ว่า,70,dress,TH,rising
midi dress,70,dress,TH,rising
formal dress,60,dress,TH,rising
blue and black dress,60,dress,TH,rising
thai wedding dress,50,dress,TH,rising
pink dress,50,dress,TH,rising
silk dress,40,dress,TH,rising
shirt,100,t-shirt,TH,top
roblox t-shirt,85,t-shirt,TH,top
t shirt,62,t-shirt,TH,top
t-shirt design,17,t-shirt,TH,top
xxxxl t-shirt,12,t-shirt,TH,top
t-shirt mockup,9,t-shirt,TH,top
xxxxl t-shirt men,4,t-shirt,TH,top
t-shirt roblox black,3,t-shirt,TH,top
metallica t-shirt,3,t-shirt,TH,top
xxxxl shirts 2025,3,t-shirt,TH,top
roblox t-shirt template,2,t-shirt,TH,top
t-shirt design,100,t-shirt,TH,rising
t-shirt mockup,50,t-shirt,TH,rising
pants,100,pant,VN,top
pant là gì,73,pant,VN,top
nike pant,66,pant,VN,top
cargo pant,56,pant,VN,top
paint,44,pant,VN,top
nike pant,130,pant,VN,rising
dress code,100,dress,VN,top
dress up,84,dress,VN,top
wedding dress,52,dress,VN,top
dress là gì,41,dress,VN,top
jm dress,35,dress,VN,top
my dress up,33,dress,VN,top
white dress,31,dress,VN,top
dress up darling,30,dress,VN,top
red dress,27,dress,VN,top
dress to impress,17,dress,VN,top
shirt,17,dress,VN,top
dress shirt,17,dress,VN,top
dress code là gì,16,dress,VN,top
silk dress,14,dress,VN,top
party dress,14,dress,VN,top
mini dress,13,dress,VN,top
dress shoes,13,dress,VN,top
maxi dress,13,dress,VN,top
vietnamese dress,13,dress,VN,top
jm dress design,12,dress,VN,top
game dress up,10,dress,VN,top
chinese dress,9,dress,VN,top
adore dress,9,dress,VN,top
lace dress,8,dress,VN,top
formal dress,8,dress,VN,top
formal dress code,10400,dress,VN,rising
cottagecore dress,7650,dress,VN,rising
companions of acrosses in a crossword,7150,dress,VN,rising
maternity dress,300,dress,VN,rising
pinafore dress,160,dress,VN,rising
dress cartoon,100,dress,VN,rising
dress in chinese,70,dress,VN,rising
coco dress,50,dress,VN,rising
my dress up darling live action,50,dress,VN,rising
custom t-shirt printing,100,t-shirt,VN,top
roblox t-shirt,85,t-shirt,VN,top
shirt,40,t-shirt,VN,top
roblox t-shirt boy,11,t-shirt,VN,top
túi vải không dệt,9,t-shirt,VN,top
thông tắc cống tại hoàn kiếm,8,t-shirt,VN,top
t-shirt roblox girl,7,t-shirt,VN,top
đồng phục công ty,7,t-shirt,VN,top
t-shirt roblox black,5,t-shirt,VN,top
hút bể phốt tại nam từ liêm,5,t-shirt,VN,top
hút bể phốt tại cầu giấy,5,t-shirt,VN,top
lẩu hơi,5,t-shirt,VN,top
thông tắc cống tại nam từ liêm,4,t-shirt,VN,top
công ty in áo thun,4,t-shirt,VN,top
áo phông nhóm,4,t-shirt,VN,top
embroidery services,1,t-shirt,VN,top
áo phông nhóm,67100,t-shirt,VN,rising
embroidery services,20050,t-shirt,VN,rising
hút bể phốt tại nam từ liêm,200,t-shirt,VN,rising
hút bể phốt tại cầu giấy,160,t-shirt,VN,rising
túi vải không dệt,160,t-shirt,VN,rising
công ty in áo thun,130,t-shirt,VN,rising
thông tắc cống tại hoàn kiếm,120,t-shirt,VN,rising
thông tắc cống tại nam từ liêm,100,t-shirt,VN,rising
custom t-shirt printing,70,t-shirt,VN,rising
đồng phục công ty,40,t-shirt,VN,rising
pants,100,pant,PH,top
pant leg,28,pant,PH,top
baggy pant,20,pant,PH,top
pant meaning,18,pant,PH,top
gojo figure removable pant deck,7,pant,PH,top
pant leg,70,pant,PH,rising
dress to impress,100,dress,PH,top
wedding dress,70,dress,PH,top
dress code,65,dress,PH,top
dress up,47,dress,PH,top
white dress,45,dress,PH,top
black dress,45,dress,PH,top
blue dress,34,dress,PH,top
long dress,34,dress,PH,top
red dress,32,dress,PH,top
dress for women,31,dress,PH,top
cocktail dress,31,dress,PH,top
formal dress,29,dress,PH,top
dress design,26,dress,PH,top
pink dress,25,dress,PH,top
green dress,25,dress,PH,top
gown,24,dress,PH,top
dress drawing,22,dress,PH,top
filipiniana dress,19,dress,PH,top
filipiniana,19,dress,PH,top
prom dress,19,dress,PH,top
dress up darling,18,dress,PH,top
dress shoes,17,dress,PH,top
casual dress,17,dress,PH,top
maxi dress,14,dress,PH,top
dress shirt,13,dress,PH,top
dress design drawing,550,dress,PH,rising
head dress design,450,dress,PH,rising
dress drawing,400,dress,PH,rising
dress drawing easy,350,dress,PH,rising
prom dress,200,dress,PH,rising
my husband gave her my wedding dress,190,dress,PH,rising
maria clara dress,170,dress,PH,rising
graduation dress,160,dress,PH,rising
head dress,150,dress,PH,rising
cocktail dress,120,dress,PH,rising
ball gown dress,110,dress,PH,rising
filipiniana dress,90,dress,PH,rising
filipiniana,90,dress,PH,rising
dress design,90,dress,PH,rising
enchanted dress,90,dress,PH,rising
modern filipiniana dress,90,dress,PH,rising
rose gold dress,80,dress,PH,rising
filipiñana dress,80,dress,PH,rising
formal dress for women,70,dress,PH,rising
hollywood dress,70,dress,PH,rising
cocktail dress for women,70,dress,PH,rising
semi formal dress,60,dress,PH,rising
formal dress,60,dress,PH,rising
gown,60,dress,PH,rising
civil wedding dress,60,dress,PH,rising
t-shirt roblox,100,t-shirt,PH,top
shirt,77,t-shirt,PH,top
t-shirt design,68,t-shirt,PH,top
t shirt,44,t-shirt,PH,top
black t-shirt,39,t-shirt,PH,top
white t-shirt,33,t-shirt,PH,top
black t-shirt roblox,16,t-shirt,PH,top
t-shirt roblox boy,15,t-shirt,PH,top
free t-shirt,14,t-shirt,PH,top
t-shirt in roblox,13,t-shirt,PH,top
t-shirt drawing,12,t-shirt,PH,top
t-shirt roblox girl,11,t-shirt,PH,top
cotton t-shirt,10,t-shirt,PH,top
plain t-shirt,10,t-shirt,PH,top
t-shirt printing,9,t-shirt,PH,top
t shirt design,9,t-shirt,PH,top
t-shirt for roblox,9,t-shirt,PH,top
green t-shirt,9,t-shirt,PH,top
sublimation t-shirt,8,t-shirt,PH,top
emo t-shirt roblox,7,t-shirt,PH,top
xxxxl t-shirt,7,t-shirt,PH,top
roblox t-shirt y2k,6,t-shirt,PH,top
t-shirt design ideas,5,t-shirt,PH,top
white t-shirt roblox,5,t-shirt,PH,top
tshirt design,5,t-shirt,PH,top
t-shirt drawing with design,17200,t-shirt,PH,rising
t-shirt printing design samples,12150,t-shirt,PH,rising
dior t-shirt original,11300,t-shirt,PH,rising
creative t-shirt design ideas,11250,t-shirt,PH,rising
batch reunion t-shirt design template,10050,t-shirt,PH,rising
plain white t-shirt for editing,6300,t-shirt,PH,rising
t-shirt drawing,600,t-shirt,PH,rising
sinulog t-shirt,250,t-shirt,PH,rising
xxxxl t-shirt men,190,t-shirt,PH,rising
t-shirt design template free,130,t-shirt,PH,rising
sublimation t-shirt design,120,t-shirt,PH,rising
sublimation t-shirt,110,t-shirt,PH,rising
t-shirt design template,90,t-shirt,PH,rising
xxxl size,90,t-shirt,PH,rising
xxxxl t-shirt,80,t-shirt,PH,rising
t-shirt design ideas,80,t-shirt,PH,rising
t-shirt printing,80,t-shirt,PH,rising
t-shirt design,70,t-shirt,PH,rising
cotton t-shirt,60,t-shirt,PH,rising
tshirt design,60,t-shirt,PH,rising
short pant,100,pant,ID,top
baggy pant,73,pant,ID,top
hot pant,72,pant,ID,top
loose pant,64,pant,ID,top
cargo pant,63,pant,ID,top
hot pant,90,pant,ID,rising
dress code,100,dress,ID,top
baju dress,88,dress,ID,top
dress up,86,dress,ID,top
model dress,74,dress,ID,top
wedding dress,69,dress,ID,top
dress wanita,50,dress,ID,top
black dress,44,dress,ID,top
dress anak,41,dress,ID,top
dress to impress,40,dress,ID,top
white dress,37,dress,ID,top
long dress,35,dress,ID,top
dress up darling,33,dress,ID,top
dress batik,32,dress,ID,top
dress hijab,32,dress,ID,top
mini dress,29,dress,ID,top
my dress up darling,29,dress,ID,top
dress pink,28,dress,ID,top
red dress,27,dress,ID,top
dress hitam,27,dress,ID,top
dress putih,24,dress,ID,top
midi dress,23,dress,ID,top
dress satin,22,dress,ID,top
gamis,22,dress,ID,top
dress artinya,20,dress,ID,top
dress brokat,20,dress,ID,top
model dress bridesmaid,80,dress,ID,rising
model dress batik simple dan elegan,60,dress,ID,rising
model baju dress panjang elegan,50,dress,ID,rising
sewa dress,40,dress,ID,rising
t-shirt roblox,100,t-shirt,ID,top
t-shirt roblox girl,18,t-shirt,ID,top
shirt,16,t-shirt,ID,top
t-shirt black,12,t-shirt,ID,top
t-shirt boy,11,t-shirt,ID,top
t shirt,11,t-shirt,ID,top
t-shirt roblox boy,10,t-shirt,ID,top
baju t-shirt,9,t-shirt,ID,top
t shirt roblox,8,t-shirt,ID,top
t-shirt roblox black,6,t-shirt,ID,top
t-shirt roblox cute,5,t-shirt,ID,top
foto t-shirt roblox,4,t-shirt,ID,top
t-shirt design,3,t-shirt,ID,top
t-shirt mockup,3,t-shirt,ID,top
t-shirt roblox girl cute,2,t-shirt,ID,top
t-shirt roblox girl black,2,t-shirt,ID,top
t-shirt roblox y2k,2,t-shirt,ID,top
t-shirt roblox emo,2,t-shirt,ID,top
t-shirt png,2,t-shirt,ID,top
t-shirt roblox girl cool,2,t-shirt,ID,top
t-shirt artinya,2,t-shirt,ID,top
long sleeve t-shirt,1,t-shirt,ID,top
t-shirt adalah,1,t-shirt,ID,top
t-shirt roblox spiderman,0,t-shirt,ID,top
striped t-shirt,0,t-shirt,ID,top
designhill t-shirt maker,6600,t-shirt,ID,rising
t-shirt artinya,190,t-shirt,ID,rising
t-shirt mockup,120,t-shirt,ID,rising
striped t-shirt,90,t-shirt,ID,rising
t-shirt adalah,70,t-shirt,ID,rising
roblox.com,60,t-shirt,ID,rising
pant shirt,100,pant,IN,top
shirt,98,pant,IN,top
pant coat,53,pant,IN,top
black pant,49,pant,IN,top
pant for men,39,pant,IN,top
white pant,36,pant,IN,top
blue pant,28,pant,IN,top
jeans pant,26,pant,IN,top
formal pant,26,pant,IN,top
pant for women,23,pant,IN,top
rishabh pant,23,pant,IN,top
grey pant,14,pant,IN,top
track pant,14,pant,IN,top
brown pant,13,pant,IN,top
baggy pant,12,pant,IN,top
pant design,12,pant,IN,top
blazer,11,pant,IN,top
formal pant shirt,11,pant,IN,top
kurti pant,11,pant,IN,top
coat pant for men,10,pant,IN,top
jacket,9,pant,IN,top
shoes,9,pant,IN,top
cargo pant,9,pant,IN,top
beige pant,7,pant,IN,top
half pant,6,pant,IN,top
prasidh krishna,1100,pant,IN,rising
arshdeep singh,750,pant,IN,rising
mohammed siraj,750,pant,IN,rising
sumitranandan pant ki rachna hai,450,pant,IN,rising
nitish kumar reddy,450,pant,IN,rising
sumitranandan pant ki rachna,400,pant,IN,rising
sumitranandan pant,90,pant,IN,rising
women dress,100,dress,IN,top
dress for women,83,dress,IN,top
girl dress,46,dress,IN,top
girls dress,38,dress,IN,top
black dress,29,dress,IN,top
baby dress,24,dress,IN,top
wedding dress,24,dress,IN,top
white dress,23,dress,IN,top
party dress,23,dress,IN,top
traditional dress,21,dress,IN,top
kids dress,20,dress,IN,top
dress for girls,20,dress,IN,top
dress code,18,dress,IN,top
red dress,17,dress,IN,top
winter dress,16,dress,IN,top
western dress,16,dress,IN,top
night dress,16,dress,IN,top
long dress,15,dress,IN,top
sexy dress,14,dress,IN,top
short dress,13,dress,IN,top
fancy dress,13,dress,IN,top
dress design,13,dress,IN,top
party wear dress,13,dress,IN,top
bodycon dress,12,dress,IN,top
pink dress,11,dress,IN,top
fancy dress competition,60,dress,IN,rising
fancy dress,50,dress,IN,rising
shirt,100,t-shirt,IN,top
t shirt,58,t-shirt,IN,top
full t-shirt,55,t-shirt,IN,top
xxxxl t-shirt,51,t-shirt,IN,top
xxxxl,50,t-shirt,IN,top
black t-shirt,48,t-shirt,IN,top
white t-shirt,46,t-shirt,IN,top
t-shirt for men,38,t-shirt,IN,top
pant,32,t-shirt,IN,top
full sleeve t-shirt,30,t-shirt,IN,top
t-shirt size,30,t-shirt,IN,top
jeans,28,t-shirt,IN,top
polo t-shirt,27,t-shirt,IN,top
xxxxl shirts,24,t-shirt,IN,top
tshirt,22,t-shirt,IN,top
collar t-shirt,21,t-shirt,IN,top
t-shirt for women,20,t-shirt,IN,top
t-shirt design,20,t-shirt,IN,top
girls t-shirt,18,t-shirt,IN,top
xxxxl t-shirt men,17,t-shirt,IN,top
oversized t-shirt,16,t-shirt,IN,top
best t-shirt,15,t-shirt,IN,top
t-shirt printing,14,t-shirt,IN,top
jacket,14,t-shirt,IN,top
half t-shirt,13,t-shirt,IN,top
xxxxl shirts 2025,400,t-shirt,IN,rising
xxxtentacion son 2025,170,t-shirt,IN,rising
xxxxl shirts 2024 nearby,90,t-shirt,IN,rising
top 10 t-shirt brands in india,90,t-shirt,IN,rising
xxxxl shirts 2024,90,t-shirt,IN,rising
xxxxl shirts,60,t-shirt,IN,rising
m size in number t-shirt,50,t-shirt,IN,rising
xxxtentacion son,50,t-shirt,IN,rising
henley t-shirt full sleeve,50,t-shirt,IN,rising
pants,100,pant,US,top
black pant,45,pant,US,top
pant suit,38,pant,US,top
wide leg pant,27,pant,US,top
pant suits,21,pant,US,top
cargo pant,18,pant,US,top
aritzia,12,pant,US,top
track pant,11,pant,US,top
snow pant,9,pant,US,top
linen pant,9,pant,US,top
women pant suits,7,pant,US,top
carhartt,7,pant,US,top
vuori,6,pant,US,top
pant sizes,6,pant,US,top
pant suits for women,6,pant,US,top
womens pant suit,6,pant,US,top
pant size chart,5,pant,US,top
effortless pant aritzia,4,pant,US,top
mens pant size,4,pant,US,top
banana republic,4,pant,US,top
pant hangers,3,pant,US,top
womens pant suits,2,pant,US,top
dressy pant suits,2,pant,US,top
clyque tommy pant,2,pant,US,top
pant types,2,pant,US,top
kimchi blue hailey pant,6000,pant,US,rising
clyque tommy pant,350,pant,US,rising
umbrella pant,170,pant,US,rising
willy pant,150,pant,US,rising
leset kyoto carpenter pant,80,pant,US,rising
the dress,100,dress,US,top
wedding dress,85,dress,US,top
black dress,81,dress,US,top
white dress,64,dress,US,top
dresses,52,dress,US,top
blue dress,40,dress,US,top
mini dress,40,dress,US,top
red dress,37,dress,US,top
pink dress,35,dress,US,top
maxi dress,32,dress,US,top
prom dress,29,dress,US,top
dress shoes,28,dress,US,top
long sleeve dress,26,dress,US,top
formal dress,25,dress,US,top
green dress,25,dress,US,top
dress pants,20,dress,US,top
lace dress,19,dress,US,top
midi dress,18,dress,US,top
brown dress,17,dress,US,top
gold dress,17,dress,US,top
sweater dress,14,dress,US,top
dress to impress,13,dress,US,top
yellow dress,11,dress,US,top
wedding guest dress,11,dress,US,top
wedding dresses,11,dress,US,top
pastor bryant wife dress,250,dress,US,rising
pastor jamal bryant wife dress,200,dress,US,rising
jamal bryant wife dress,150,dress,US,rising
valentines day dress,100,dress,US,rising
prom dress stores,90,dress,US,rising
black prom dress,90,dress,US,rising
karri bryant dress,80,dress,US,rising
prom dresses,80,dress,US,rising
gold prom dress,80,dress,US,rising
prom dress,80,dress,US,rising
red prom dress,80,dress,US,rising
beginning boutique,60,dress,US,rising
prom dress stores near me,60,dress,US,rising
lucy in the sky,50,dress,US,rising
peppermayo dress,40,dress,US,rising
hello molly,40,dress,US,rising
shirt,100,t-shirt,US,top
black t-shirt,46,t-shirt,US,top
white t-shirt,43,t-shirt,US,top
long sleeve t-shirt,38,t-shirt,US,top
t shirt,37,t-shirt,US,top
t-shirt design,23,t-shirt,US,top
graphic t-shirt,19,t-shirt,US,top
t-shirt printing,17,t-shirt,US,top
custom t-shirt,13,t-shirt,US,top
t-shirt dress,11,t-shirt,US,top
t-shirt bra,10,t-shirt,US,top
roblox t-shirt,8,t-shirt,US,top
gildan t-shirt,6,t-shirt,US,top
stranger things t-shirt,5,t-shirt,US,top
uniqlo,4,t-shirt,US,top
t-shirt printer,3,t-shirt,US,top
custom t-shirt printing,3,t-shirt,US,top
t-shirt quilt,3,t-shirt,US,top
under armour,3,t-shirt,US,top
what does t in t-shirt stand for,3,t-shirt,US,top
what does the t in t-shirt stand for,2,t-shirt,US,top
t-shirt in spanish,2,t-shirt,US,top
t-shirt quilts,1,t-shirt,US,top
psycho bunny t-shirt,1,t-shirt,US,top
psycho bunny,1,t-shirt,US,top
what the t in t-shirt stands for,2700,t-shirt,US,rising
why might obeying the law be a duty rather than a responsibility?,2700,t-shirt,US,rising
a laptop was originally sold for $975. the laptop is now on sale for $828.75. what is the percent markdown?,800,t-shirt,US,rising
what does the t in t-shirt stand for,300,t-shirt,US,rising
what does t in t-shirt stand for,250,t-shirt,US,rising
what does the t in t-shirt mean,120,t-shirt,US,rising
t-shirt in spanish,90,t-shirt,US,rising
psycho bunny,70,t-shirt,US,rising
psycho bunny t-shirt,70,t-shirt,US,rising
t-shirt press machine and printer,60,t-shirt,US,rising
west coast choppers t-shirt,50,t-shirt,US,rising
balmain t-shirt,40,t-shirt,US,rising
black pant,100,pant,CA,top
snow pant,64,pant,CA,top
dress pant,61,pant,CA,top
pant suit,57,pant,CA,top
cargo pant,53,pant,CA,top
ski pant,53,pant,CA,top
work pant,38,pant,CA,top
effortless pant,31,pant,CA,top
linen pant,26,pant,CA,top
snow pants,25,pant,CA,top
effortless pant aritzia,23,pant,CA,top
arcteryx,21,pant,CA,top
aritzia lodge pant,19,pant,CA,top
carhartt,17,pant,CA,top
pant size chart,15,pant,CA,top
yoga pant,15,pant,CA,top
abc pant,15,pant,CA,top
coat pant for men,12,pant,CA,top
groove pant,10,pant,CA,top
pant suit women,9,pant,CA,top
pant hangers,9,pant,CA,top
pant suits women,9,pant,CA,top
helly hansen legendary insulated pant,4,pant,CA,top
everlane barrel pant,3,pant,CA,top
clyque tommy pant,3,pant,CA,top
kyoto carpenter pant,12700,pant,CA,rising
leset kyoto carpenter pant,10500,pant,CA,rising
clyque tommy pant,550,pant,CA,rising
everlane barrel pant,300,pant,CA,rising
mother of the bride pant suits,80,pant,CA,rising
lululemon on the fly pant,60,pant,CA,rising
pant hangers with clips,60,pant,CA,rising
pant suits women,50,pant,CA,rising
black dress,100,dress,CA,top
the dress,69,dress,CA,top
wedding dress,63,dress,CA,top
white dress,37,dress,CA,top
dresses,31,dress,CA,top
blue dress,23,dress,CA,top
red dress,22,dress,CA,top
dress shirt,20,dress,CA,top
dress pants,19,dress,CA,top
dress shoes,18,dress,CA,top
maxi dress,16,dress,CA,top
mini dress,16,dress,CA,top
pink dress,15,dress,CA,top
green dress,14,dress,CA,top
prom dress,13,dress,CA,top
long sleeve dress,12,dress,CA,top
lace dress,11,dress,CA,top
midi dress,10,dress,CA,top
party dress,10,dress,CA,top
sweater dress,10,dress,CA,top
zara dress,9,dress,CA,top
gold dress,8,dress,CA,top
dress to impress,8,dress,CA,top
aritzia dress,8,dress,CA,top
satin dress,8,dress,CA,top
jamal bryant wife dress,160,dress,CA,rising
prom dress,60,dress,CA,rising
how to choose a wedding dress,60,dress,CA,rising
prom dresses,50,dress,CA,rising
bridesmaid dresses,50,dress,CA,rising
peppermayo dress,50,dress,CA,rising
graduation dress,40,dress,CA,rising
t shirt,100,t-shirt,CA,top
white t-shirt,74,t-shirt,CA,top
t-shirt femme,44,t-shirt,CA,top
t-shirt printing,37,t-shirt,CA,top
t-shirt design,35,t-shirt,CA,top
t-shirt homme,32,t-shirt,CA,top
nike,30,t-shirt,CA,top
custom t-shirt,27,t-shirt,CA,top
t-shirt dress,26,t-shirt,CA,top
t-shirt time,25,t-shirt,CA,top
uniqlo,19,t-shirt,CA,top
gildan t-shirt,17,t-shirt,CA,top
roblox t-shirt,16,t-shirt,CA,top
stranger things t-shirt,14,t-shirt,CA,top
lululemon t-shirt,13,t-shirt,CA,top
h&m,12,t-shirt,CA,top
t-shirt blanc,10,t-shirt,CA,top
t-shirt printing near me,7,t-shirt,CA,top
buck mason,4,t-shirt,CA,top
teepublic,4,t-shirt,CA,top
bape,4,t-shirt,CA,top
palm angels t-shirt,4,t-shirt,CA,top
buck mason,24750,t-shirt,CA,rising
t-shirt printing near me,650,t-shirt,CA,rising
teepublic,200,t-shirt,CA,rising
bape,200,t-shirt,CA,rising
palm angels t-shirt,200,t-shirt,CA,rising
gildan t-shirt,80,t-shirt,CA,rising
custom t-shirt,50,t-shirt,CA,rising
lululemon,100,pant,MX,top
pant and stock,78,pant,MX,top
fondos de pant,49,pant,MX,top
abc pant,38,pant,MX,top
the melange pant zara,22,pant,MX,top
dewalt pro tradesman stretch pant,12,pant,MX,top
the melange pant zara,39150,pant,MX,rising
pant and stock,80,pant,MX,rising
dress to impress,100,dress,MX,top
dress up,28,dress,MX,top
dress code,25,dress,MX,top
dress up darling,19,dress,MX,top
wedding dress,18,dress,MX,top
my dress up darling,17,dress,MX,top
white dress,12,dress,MX,top
red dress,9,dress,MX,top
ross dress for less,6,dress,MX,top
the hollies long cool woman in a black dress,4,dress,MX,top
yellow dress,3,dress,MX,top
prom dress,3,dress,MX,top
cocktail dress,3,dress,MX,top
codigos dress to impress,2,dress,MX,top
my dress up darling manga,2,dress,MX,top
how to choose a wedding dress,2,dress,MX,top
dress taylor swift,1,dress,MX,top
codigos de dress to impress,1,dress,MX,top
dress code cocktail,1,dress,MX,top
dress up games,1,dress,MX,top
dress to impress codes,1,dress,MX,top
little black dress,1,dress,MX,top
loveshackfancy dress,1,dress,MX,top
lula dress,1,dress,MX,top
my dress up darling temporada 3,1,dress,MX,top
birth stones dress to impress,6450,dress,MX,rising
rooftop party dress to impress,4750,dress,MX,rising
loveshackfancy dress,400,dress,MX,rising
hollywood antiguo dress to impress,350,dress,MX,rising
candyland couture dress to impress,300,dress,MX,rising
icicle couture dress to impress,130,dress,MX,rising
papel de embalaje de moda dress to impress,120,dress,MX,rising
evergreen elegance dress to impress,120,dress,MX,rising
ar dress,100,dress,MX,rising
science fair winner dress to impress,100,dress,MX,rising
nerdico dress to impress,90,dress,MX,rising
codigos de dress to impress 2026,90,dress,MX,rising
my dress-up darling season 2,90,dress,MX,rising
neapolitan dress to impress,80,dress,MX,rising
dress code cocktail,80,dress,MX,rising
dulce 16 dress to impress,70,dress,MX,rising
que es dress code,60,dress,MX,rising
how to choose a wedding dress,60,dress,MX,rising
dress code que significa,60,dress,MX,rising
ego alternativo dress to impress,60,dress,MX,rising
trash the dress,50,dress,MX,rising
medieval dress to impress,50,dress,MX,rising
prom dress,50,dress,MX,rising
limit dress,50,dress,MX,rising
t-shirt roblox,100,t-shirt,MX,top
t-shirt roblox girl,13,t-shirt,MX,top
essentials t-shirt,13,t-shirt,MX,top
essentials,10,t-shirt,MX,top
t-shirt roblox emo,8,t-shirt,MX,top
palm angels t-shirt,7,t-shirt,MX,top
comme des garçons t-shirt,6,t-shirt,MX,top
balmain,5,t-shirt,MX,top
amiri t-shirt,5,t-shirt,MX,top
t-shirt roblox cute,5,t-shirt,MX,top
zara,4,t-shirt,MX,top
roblox t-shirt template,2,t-shirt,MX,top
alexander wang t-shirt,2,t-shirt,MX,top
comme des garçons t-shirt,84950,t-shirt,MX,rising
roblox t-shirt template,31700,t-shirt,MX,rising
alexander wang t-shirt,25850,t-shirt,MX,rising
palm angels t-shirt,190,t-shirt,MX,rising
t-shirt roblox emo,60,t-shirt,MX,rising
black pant,100,pant,GB,top
carhartt,90,pant,GB,top
track pant,41,pant,GB,top
cargo pant,40,pant,GB,top
coat pant,38,pant,GB,top
gramicci pant,36,pant,GB,top
pant suit,32,pant,GB,top
pant for men,22,pant,GB,top
carhartt wip,20,pant,GB,top
lululemon,18,pant,GB,top
brandon pant,17,pant,GB,top
pant yr ochain,15,pant,GB,top
anoki pant,15,pant,GB,top
gramicci g pant,15,pant,GB,top
carhartt brandon pant,14,pant,GB,top
yoga pant,13,pant,GB,top
pant meaning,12,pant,GB,top
adidas track pant,10,pant,GB,top
carhartt newel pant,9,pant,GB,top
carhartt landon pant,8,pant,GB,top
gaia conception anoki pant,8,pant,GB,top
y pant school,7,pant,GB,top
period pant,7,pant,GB,top
gaia conception anoki pant shade fox,6,pant,GB,top
womens pant suit,5,pant,GB,top
y pant comprehensive school,10150,pant,GB,rising
edwin cosmos pant,9350,pant,GB,rising
gaia conception anoki pant shade fox,2250,pant,GB,rising
edwin tyrell pant,500,pant,GB,rising
gaia conception anoki pant,450,pant,GB,rising
y pant school,400,pant,GB,rising
womens pant suit,180,pant,GB,rising
mountain equipment mission pant,120,pant,GB,rising
mother of the bride pant suits,100,pant,GB,rising
beige colour pant,90,pant,GB,rising
pant yr onnen,90,pant,GB,rising
carhartt klondike pant,70,pant,GB,rising
gramicci gadget pant,70,pant,GB,rising
period pant,60,pant,GB,rising
pant suit for women,60,pant,GB,rising
anoki pant,50,pant,GB,rising
black dress,100,dress,GB,top
wedding dress,87,dress,GB,top
long dress,51,dress,GB,top
white dress,50,dress,GB,top
dresses,47,dress,GB,top
maxi dress,42,dress,GB,top
mini dress,34,dress,GB,top
blue dress,33,dress,GB,top
fancy dress,33,dress,GB,top
pink dress,31,dress,GB,top
red dress,28,dress,GB,top
green dress,28,dress,GB,top
midi dress,27,dress,GB,top
long sleeve dress,23,dress,GB,top
brown dress,20,dress,GB,top
lace dress,19,dress,GB,top
party dress,18,dress,GB,top
wedding guest dress,17,dress,GB,top
prom dress,16,dress,GB,top
gold dress,16,dress,GB,top
satin dress,15,dress,GB,top
shirt dress,15,dress,GB,top
wedding dresses,13,dress,GB,top
jumper dress,13,dress,GB,top
bridesmaid dress,13,dress,GB,top
sainsbury's work dress review,8850,dress,GB,rising
prom dress shops near me,100,dress,GB,rising
prom dresses,90,dress,GB,rising
peppermayo dress,70,dress,GB,rising
prom dress,70,dress,GB,rising
bridesmaid dress,50,dress,GB,rising
graduation dress,50,dress,GB,rising
vivienne westwood wedding dress,40,dress,GB,rising
babyboo,40,dress,GB,rising
90s fancy dress,40,dress,GB,rising
shirt,100,t-shirt,GB,top
white t-shirt,54,t-shirt,GB,top
black t-shirt,53,t-shirt,GB,top
long sleeve t-shirt,41,t-shirt,GB,top
nike t-shirt,27,t-shirt,GB,top
t-shirt printing,13,t-shirt,GB,top
t-shirt dress,12,t-shirt,GB,top
t-shirt design,11,t-shirt,GB,top
stranger things t-shirt,7,t-shirt,GB,top
ralph lauren t-shirt,7,t-shirt,GB,top
t-shirt bra,6,t-shirt,GB,top
nike t-shirt dri-fit,6,t-shirt,GB,top
under armour,6,t-shirt,GB,top
north face,6,t-shirt,GB,top
white long sleeve t-shirt,5,t-shirt,GB,top
represent,5,t-shirt,GB,top
mens shirts,5,t-shirt,GB,top
black long sleeve t-shirt,5,t-shirt,GB,top
represent t-shirt,5,t-shirt,GB,top
men's long sleeve t-shirt,5,t-shirt,GB,top
montane,2,t-shirt,GB,top
dsquared2 t-shirt,1,t-shirt,GB,top
skims fits everybody t-shirt,1,t-shirt,GB,top
design your own t-shirt,1,t-shirt,GB,top
design your own t-shirt uk,1,t-shirt,GB,top
design your own t-shirt uk,400,t-shirt,GB,rising
skims fits everybody t-shirt,300,t-shirt,GB,rising
nike dri-fit t-shirt women's,140,t-shirt,GB,rising
montane,120,t-shirt,GB,rising
design your own t-shirt,70,t-shirt,GB,rising
t-shirt printing,50,t-shirt,GB,rising
dsquared2 t-shirt,40,t-shirt,GB,rising
carhartt,100,pant,DE,top
to pant,28,pant,DE,top
newel pant,16,pant,DE,top
newel pant carhartt,14,pant,DE,top
anoki pant,12,pant,DE,top
landon pant,11,pant,DE,top
brandon pant,11,pant,DE,top
landon pant carhartt,10,pant,DE,top
brandon pant carhartt,9,pant,DE,top
carhartt simple pant,8,pant,DE,top
carhartt aaron pant,7,pant,DE,top
carhartt double knee pant,7,pant,DE,top
carhartt klondike pant,5,pant,DE,top
gaia conception anoki pant,4,pant,DE,top
gaia conception anoki pant shade fox,3,pant,DE,top
anoki pants,3,pant,DE,top
edwin tyrell pant,2,pant,DE,top
gaia conceptions anoki pants,2,pant,DE,top
carhartt wip double knee pant,2,pant,DE,top
gramicci gadget pant,2,pant,DE,top
carhartt wip flint pant,1,pant,DE,top
paula pant,0,pant,DE,top
edwin tyrell pant,33750,pant,DE,rising
gaia conceptions anoki pants,33350,pant,DE,rising
gramicci gadget pant,28550,pant,DE,rising
paula pant,7100,pant,DE,rising
gaia conception anoki pant shade fox,1200,pant,DE,rising
gaia conception anoki pant,450,pant,DE,rising
carhartt wip flint pant,250,pant,DE,rising
carhartt wip double knee pant,100,pant,DE,rising
anoki pants,90,pant,DE,rising
carhartt double knee pant,70,pant,DE,rising
carhartt aaron pant,50,pant,DE,rising
dress in,100,dress,DE,top
wedding dress,60,dress,DE,top
the dress,58,dress,DE,top
dress to impress,56,dress,DE,top
black dress,48,dress,DE,top
white dress,39,dress,DE,top
dress code,32,dress,DE,top
dress for less,29,dress,DE,top
red dress,28,dress,DE,top
maxi dress,28,dress,DE,top
dress up darling,27,dress,DE,top
blue dress,25,dress,DE,top
my dress up darling,24,dress,DE,top
mini dress,24,dress,DE,top
pink dress,17,dress,DE,top
midi dress,15,dress,DE,top
clinic dress,14,dress,DE,top
lace dress,13,dress,DE,top
satin dress,13,dress,DE,top
party dress,13,dress,DE,top
zara dress,12,dress,DE,top
winter dress,12,dress,DE,top
gold dress,12,dress,DE,top
kleider,11,dress,DE,top
prom dress,11,dress,DE,top
clio peppiatt dress,100,dress,DE,rising
clinic dress,80,dress,DE,rising
cider,80,dress,DE,rising
reformation dress,70,dress,DE,rising
azazie,70,dress,DE,rising
peppermayo dress,70,dress,DE,rising
prom dress,70,dress,DE,rising
reformation,60,dress,DE,rising
babyboo dress,60,dress,DE,rising
graduation dress,60,dress,DE,rising
babyboo,60,dress,DE,rising
mirror palais dress,50,dress,DE,rising
canur dress,50,dress,DE,rising
asyaa dress,50,dress,DE,rising
oh polly dress,50,dress,DE,rising
wedding guest dress,50,dress,DE,rising
vintage wedding dress,50,dress,DE,rising
oh polly,40,dress,DE,rising
shirt,100,t-shirt,DE,top
t-shirt herren,88,t-shirt,DE,top
damen t-shirt,83,t-shirt,DE,top
t shirt,67,t-shirt,DE,top
t-shirt weiß,23,t-shirt,DE,top
t-shirt bedrucken,22,t-shirt,DE,top
t-shirts,21,t-shirt,DE,top
adidas t-shirt,18,t-shirt,DE,top
langarm t-shirt,15,t-shirt,DE,top
sport t-shirt,14,t-shirt,DE,top
nike t-shirt,14,t-shirt,DE,top
pullover,12,t-shirt,DE,top
polo t-shirt,11,t-shirt,DE,top
t-shirt druck,11,t-shirt,DE,top
weißes t-shirt,10,t-shirt,DE,top
deutschland t-shirt,9,t-shirt,DE,top
ralph lauren t-shirt,8,t-shirt,DE,top
roblox t-shirt,7,t-shirt,DE,top
stranger things t-shirt,7,t-shirt,DE,top
schwarzes t-shirt,7,t-shirt,DE,top
fruit of the loom t-shirt,7,t-shirt,DE,top
under armour,6,t-shirt,DE,top
fruit of the loom,6,t-shirt,DE,top
under armour t-shirt,6,t-shirt,DE,top
t-shirt bedrucken lassen,5,t-shirt,DE,top
whitesville t-shirt,2250,t-shirt,DE,rising
roberto geissini t-shirt,140,t-shirt,DE,rising
chrome hearts,90,t-shirt,DE,rising
uniqlo u crew neck t-shirt,80,t-shirt,DE,rising
bierkönig t-shirt,80,t-shirt,DE,rising
chrome hearts t-shirt,70,t-shirt,DE,rising
hakro t-shirt,70,t-shirt,DE,rising
t-shirt drucken,60,t-shirt,DE,rising
wie schreibt man t-shirt,60,t-shirt,DE,rising
burberry t-shirt,60,t-shirt,DE,rising
t-shirt selbst gestalten,60,t-shirt,DE,rising
funktions t-shirt herren,60,t-shirt,DE,rising
t-shirt bedrucken lassen,50,t-shirt,DE,rising
t-shirt bedrucken,40,t-shirt,DE,rising
gelbes t-shirt,40,t-shirt,DE,rising
carhartt,100,pant,FR,top
pantalon,58,pant,FR,top
brandon pant,22,pant,FR,top
sweat pant,17,pant,FR,top
cargo pant,16,pant,FR,top
newel pant,16,pant,FR,top
carhartt brandon pant,16,pant,FR,top
sweet pant,16,pant,FR,top
landon pant,14,pant,FR,top
carhartt newel pant,12,pant,FR,top
carhartt landon pant,10,pant,FR,top
carhartt wip,10,pant,FR,top
pantalon carhartt,9,pant,FR,top
baggy pant,8,pant,FR,top
sid pant,8,pant,FR,top
simple pant carhartt,7,pant,FR,top
carhartt single knee pant,7,pant,FR,top
carhartt double knee pant,6,pant,FR,top
sid pant carhartt,6,pant,FR,top
klondike pant,6,pant,FR,top
carhartt klondike pant,5,pant,FR,top
casquette sweet pant,5,pant,FR,top
gramicci pant,5,pant,FR,top
cos,2,pant,FR,top
jog pant,2,pant,FR,top
w brandon pant carhartt,23800,pant,FR,rising
jog pant,600,pant,FR,rising
carhartt aviation pant,350,pant,FR,rising
carhartt regular cargo pant,170,pant,FR,rising
edwin tyrell pant,90,pant,FR,rising
cos,70,pant,FR,rising
carhartt landon pant,40,pant,FR,rising
dress in,100,dress,FR,top
dress code,64,dress,FR,top
dress to impress,57,dress,FR,top
wedding dress,48,dress,FR,top
black dress,44,dress,FR,top
robe,41,dress,FR,top
dress up darling,27,dress,FR,top
white dress,26,dress,FR,top
my dress up darling,25,dress,FR,top
red dress,22,dress,FR,top
long dress,17,dress,FR,top
maxi dress,15,dress,FR,top
we dress fair,13,dress,FR,top
lace dress,8,dress,FR,top
winter dress,8,dress,FR,top
birthday dress,8,dress,FR,top
gold dress,8,dress,FR,top
sexy dress,7,dress,FR,top
bridal dress,6,dress,FR,top
how to choose a wedding dress,5,dress,FR,top
my dress in,5,dress,FR,top
dress to impress code,5,dress,FR,top
meshki dress,5,dress,FR,top
prom dress,5,dress,FR,top
meshki,5,dress,FR,top
house of cb bandage dress,250,dress,FR,rising
aleen sabbagh dress,200,dress,FR,rising
dress desiree,190,dress,FR,rising
cheap laptop,160,dress,FR,rising
tali dress,120,dress,FR,rising
my dress up darling season 3,120,dress,FR,rising
dress your body,110,dress,FR,rising
ordinateurs portables bon marché,90,dress,FR,rising
babyboo,70,dress,FR,rising
mona dress,60,dress,FR,rising
gade gade dress,60,dress,FR,rising
babyboo dress,60,dress,FR,rising
clio peppiatt dress,60,dress,FR,rising
we dress fair,50,dress,FR,rising
we dress fair paris,50,dress,FR,rising
clinic dress,40,dress,FR,rising
my dress made,40,dress,FR,rising
t-shirt homme,100,t-shirt,FR,top
t-shirt femme,81,t-shirt,FR,top
t shirt,67,t-shirt,FR,top
un t-shirt,49,t-shirt,FR,top
t-shirt manches longues,39,t-shirt,FR,top
t-shirt noir,39,t-shirt,FR,top
t-shirt blanc,36,t-shirt,FR,top
t-shirt nike,33,t-shirt,FR,top
t-shirt manche longue,27,t-shirt,FR,top
t-shirt personnalisé,23,t-shirt,FR,top
tee shirt,21,t-shirt,FR,top
t-shirt percko,20,t-shirt,FR,top
short,16,t-shirt,FR,top
t-shirt adidas,14,t-shirt,FR,top
t-shirt under armour,14,t-shirt,FR,top
under armour,14,t-shirt,FR,top
t-shirt ralph lauren,11,t-shirt,FR,top
ralph lauren,11,t-shirt,FR,top
t-shirt thermique,11,t-shirt,FR,top
t-shirt lacoste,11,t-shirt,FR,top
t-shirt stranger things,10,t-shirt,FR,top
uniqlo t-shirt,9,t-shirt,FR,top
t-shirt manche longue femme,8,t-shirt,FR,top
t-shirt manche longue homme,8,t-shirt,FR,top
t-shirt blanc homme,7,t-shirt,FR,top
t-shirt personnalise,160,t-shirt,FR,rising
t-shirt personnalisé pas cher,100,t-shirt,FR,rising
le t-shirt propre,80,t-shirt,FR,rising
t-shirt personnalisé photo,80,t-shirt,FR,rising
t-shirt percko,70,t-shirt,FR,rising
asos,70,t-shirt,FR,rising
t-shirt stone island,60,t-shirt,FR,rising
t-shirt personnalisable,50,t-shirt,FR,rising
t-shirt manches longues femme,50,t-shirt,FR,rising
t-shirt thermique femme,50,t-shirt,FR,rising
t-shirt manches longues,40,t-shirt,FR,rising
t-shirt thermique,40,t-shirt,FR,rising
t-shirt ralph lauren,40,t-shirt,FR,rising
t-shirt maroc,40,t-shirt,FR,rising
carhartt,100,pant,IT,top
cargo pant,24,pant,IT,top
brandon pant,20,pant,IT,top
adidas,17,pant,IT,top
landon pant,16,pant,IT,top
carhartt wip,16,pant,IT,top
single knee pant,15,pant,IT,top
carhartt brandon pant,15,pant,IT,top
carhartt single knee pant,12,pant,IT,top
carhartt landon pant,12,pant,IT,top
newel pant carhartt,9,pant,IT,top
simple pant carhartt,7,pant,IT,top
double knee pant,6,pant,IT,top
regular cargo pant carhartt,4,pant,IT,top
carhartt double knee pant,4,pant,IT,top
carhartt aviation pant,3,pant,IT,top
sid pant carhartt,3,pant,IT,top
carhartt wip brandon pant,3,pant,IT,top
karpos storm evo pant,3,pant,IT,top
oakley channel shell pant,2,pant,IT,top
cos,1,pant,IT,top
carhartt wip brandon pant,44500,pant,IT,rising
oakley channel shell pant,28000,pant,IT,rising
carhartt aviation pant,180,pant,IT,rising
karpos storm evo pant,160,pant,IT,rising
sid pant carhartt,160,pant,IT,rising
cos,160,pant,IT,rising
simple pant carhartt,120,pant,IT,rising
regular cargo pant carhartt,90,pant,IT,rising
newel pant carhartt,80,pant,IT,rising
landon pant,50,pant,IT,rising
dress in,100,dress,IT,top
dress to impress,87,dress,IT,top
dress code,86,dress,IT,top
dress up,68,dress,IT,top
the dress,66,dress,IT,top
unique dress,54,dress,IT,top
wedding dress,46,dress,IT,top
black dress,41,dress,IT,top
dress up darling,39,dress,IT,top
my dress up darling,37,dress,IT,top
white dress,28,dress,IT,top
mini dress,24,dress,IT,top
long dress,19,dress,IT,top
maxi dress,14,dress,IT,top
zara dress,12,dress,IT,top
lace dress,10,dress,IT,top
party dress,10,dress,IT,top
codici dress to impress,8,dress,IT,top
loving dress,7,dress,IT,top
dress watch,7,dress,IT,top
oh polly,7,dress,IT,top
loving this dress,7,dress,IT,top
oh polly dress,7,dress,IT,top
slip dress,6,dress,IT,top
cocktail dress,6,dress,IT,top
mazzara dress,14850,dress,IT,rising
bow strap midi dress astr the label,5350,dress,IT,rising
dior wedding dress,350,dress,IT,rising
the hollies long cool woman in a black dress,250,dress,IT,rising
azalea dress up,200,dress,IT,rising
maygel coronel dress,200,dress,IT,rising
clio peppiatt dress,200,dress,IT,rising
cross dress,190,dress,IT,rising
annie's ibiza dress,150,dress,IT,rising
miss rosier dress,100,dress,IT,rising
reformation dress,90,dress,IT,rising
babydoll dress,80,dress,IT,rising
black tie dress code uomo,80,dress,IT,rising
jaded london dress,80,dress,IT,rising
norma kamali dress,70,dress,IT,rising
babyboo,70,dress,IT,rising
vortella's dress up,70,dress,IT,rising
babyboo dress,70,dress,IT,rising
my dress up darling season 3,70,dress,IT,rising
reformation,60,dress,IT,rising
skims,60,dress,IT,rising
dress in recensioni,60,dress,IT,rising
oh polly dress,50,dress,IT,rising
my dress up darling stagione 3,50,dress,IT,rising
jaded london,50,dress,IT,rising
t-shirt uomo,100,t-shirt,IT,top
t-shirt donna,56,t-shirt,IT,top
t shirt,46,t-shirt,IT,top
t-shirt manica lunga,21,t-shirt,IT,top
t-shirt bianca,17,t-shirt,IT,top
t shirt uomo,15,t-shirt,IT,top
t-shirt nike,15,t-shirt,IT,top
t-shirt nera,15,t-shirt,IT,top
t-shirt ralph lauren,11,t-shirt,IT,top
t shirt donna,11,t-shirt,IT,top
t-shirt manica lunga uomo,8,t-shirt,IT,top
t-shirt oversize,8,t-shirt,IT,top
t-shirt roblox,7,t-shirt,IT,top
stranger things t-shirt,7,t-shirt,IT,top
t-shirt personalizzate,7,t-shirt,IT,top
lacoste,6,t-shirt,IT,top
t-shirt hellfire club,6,t-shirt,IT,top
hellfire club,6,t-shirt,IT,top
polo ralph lauren t-shirt,6,t-shirt,IT,top
t-shirt balenciaga,6,t-shirt,IT,top
t-shirt uomo saldi,6,t-shirt,IT,top
balenciaga,5,t-shirt,IT,top
uniqlo,5,t-shirt,IT,top
come si scrive t-shirt,3,t-shirt,IT,top
under armour,3,t-shirt,IT,top
jil sander t-shirt,24450,t-shirt,IT,rising
t-shirt guess uomo,450,t-shirt,IT,rising
come si scrive t-shirt,140,t-shirt,IT,rising
off-white t-shirt,100,t-shirt,IT,rising
marcelo burlon t-shirt,100,t-shirt,IT,rising
t-shirt burberry uomo,90,t-shirt,IT,rising
under armour,80,t-shirt,IT,rising
t-shirt saint barth uomo,80,t-shirt,IT,rising
lacoste,80,t-shirt,IT,rising
t-shirt calvin klein uomo,70,t-shirt,IT,rising
t-shirt tommy hilfiger uomo,60,t-shirt,IT,rising
carhartt,100,pant,ES,top
pants,55,pant,ES,top
impr pant,33,pant,ES,top
carhartt wip,17,pant,ES,top
carhartt newel pant,16,pant,ES,top
carhartt brandon pant,14,pant,ES,top
brandon pant,13,pant,ES,top
tecla impr pant,12,pant,ES,top
baggy pant,8,pant,ES,top
landon pant carhartt,8,pant,ES,top
pantalon esqui mujer,7,pant,ES,top
flint pant carhartt,6,pant,ES,top
carhartt simple pant,6,pant,ES,top
klondike pant,6,pant,ES,top
sid pant carhartt,5,pant,ES,top
klondike pant carhartt,4,pant,ES,top
rishabh pant,4,pant,ES,top
coat pant for men,2,pant,ES,top
carhartt regular cargo pant,1,pant,ES,top
salomon brilliant pant,1,pant,ES,top
pantalon esqui mujer,76650,pant,ES,rising
salomon brilliant pant,11950,pant,ES,rising
klondike pant,300,pant,ES,rising
tecla impr pant,110,pant,ES,rising
landon pant carhartt,100,pant,ES,rising
carhartt newel pant,80,pant,ES,rising
coat pant for men,80,pant,ES,rising
klondike pant carhartt,50,pant,ES,rising
dress in,100,dress,ES,top
dress to impress,89,dress,ES,top
dress up,59,dress,ES,top
dress code,57,dress,ES,top
wedding dress,55,dress,ES,top
black dress,45,dress,ES,top
white dress,30,dress,ES,top
dress up darling,29,dress,ES,top
my dress up darling,27,dress,ES,top
blue dress,23,dress,ES,top
red dress,22,dress,ES,top
mini dress,18,dress,ES,top
maxi dress,15,dress,ES,top
pink dress,13,dress,ES,top
midi dress,11,dress,ES,top
dress shirt,10,dress,ES,top
fancy dress,8,dress,ES,top
lace dress,8,dress,ES,top
summer dress,7,dress,ES,top
sexy dress,6,dress,ES,top
dress games,6,dress,ES,top
how to choose a wedding dress,6,dress,ES,top
long sleeve dress,6,dress,ES,top
velvet dress,5,dress,ES,top
cocktail dress,5,dress,ES,top
companions of acrosses in a crossword,12500,dress,ES,rising
pinafore dress,11350,dress,ES,rising
coat you might apply with a brush,8300,dress,ES,rising
a perfectionist may take great ones,7150,dress,ES,rising
fireplace glow dress to impress,5500,dress,ES,rising
chess pieces that can capture en passant,2950,dress,ES,rising
dress bori,300,dress,ES,rising
devil in a new dress,300,dress,ES,rising
dress to impress codes 2026,250,dress,ES,rising
nutka studios dress,180,dress,ES,rising
devil dress prada,130,dress,ES,rising
gade gade dress,120,dress,ES,rising
cider,110,dress,ES,rising
andie anderson dress,100,dress,ES,rising
how to lose a guy in 10 days dress,80,dress,ES,rising
revenge dress,80,dress,ES,rising
dress code cocktail,80,dress,ES,rising
asos,80,dress,ES,rising
house of cb,60,dress,ES,rising
shirt,100,t-shirt,ES,top
roblox t-shirt,46,t-shirt,ES,top
carhartt,100,pant,NL,top
landon pant,17,pant,NL,top
carhartt landon pant,13,pant,NL,top
carhartt newel pant,12,pant,NL,top
carhartt simple pant,10,pant,NL,top
brandon pant carhartt,10,pant,NL,top
lululemon,9,pant,NL,top
carhartt single knee pant,8,pant,NL,top
anoki pant,8,pant,NL,top
carhartt aaron pant,5,pant,NL,top
pant size chart,4,pant,NL,top
carhartt sid pant,3,pant,NL,top
theresia van der pant,3,pant,NL,top
carhartt master pant,3,pant,NL,top
gaia conception anoki pant shade fox,2,pant,NL,top
carhartt regular cargo pant,2,pant,NL,top
theresia van der pant,35200,pant,NL,rising
carhartt master pant,32250,pant,NL,rising
carhartt regular cargo pant,18150,pant,NL,rising
carhartt sid pant,130,pant,NL,rising
carhartt simple pant,60,pant,NL,rising
anoki pant,50,pant,NL,rising
pant size chart,50,pant,NL,rising
dress in,100,dress,NL,top
the dress,81,dress,NL,top
black dress,79,dress,NL,top
wedding dress,71,dress,NL,top
white dress,48,dress,NL,top
dress code,43,dress,NL,top
maxi dress,42,dress,NL,top
long dress,40,dress,NL,top
dress to impress,39,dress,NL,top
blue dress,36,dress,NL,top
mini dress,36,dress,NL,top
red dress,33,dress,NL,top
pink dress,22,dress,NL,top
la dress,21,dress,NL,top
midi dress,20,dress,NL,top
lace dress,20,dress,NL,top
zara dress,19,dress,NL,top
party dress,19,dress,NL,top
satin dress,15,dress,NL,top
blazer dress,15,dress,NL,top
long sleeve dress,14,dress,NL,top
summer dress,14,dress,NL,top
gold dress,13,dress,NL,top
wedding guest dress,12,dress,NL,top
say yes to the dress,12,dress,NL,top
chess pieces that can capture en passant,9950,dress,NL,rising
a perfectionist may take great ones,9600,dress,NL,rising
patbo dress,550,dress,NL,rising
lbd dress,400,dress,NL,rising
companions of acrosses in a crossword,350,dress,NL,rising
vortella's dress up,160,dress,NL,rising
my dress up darling season 3,110,dress,NL,rising
little black dress chanel,100,dress,NL,rising
classy dress,100,dress,NL,rising
ego dress,80,dress,NL,rising
little black dress,80,dress,NL,rising
clinic dress,80,dress,NL,rising
vivienne westwood wedding dress,80,dress,NL,rising
cider,70,dress,NL,rising
pretty little thing,70,dress,NL,rising
babyboo,60,dress,NL,rising
bandage dress,60,dress,NL,rising
peppermayo dress,60,dress,NL,rising
reformation,50,dress,NL,rising
peppermayo,50,dress,NL,rising
pinafore dress,50,dress,NL,rising
shirt,100,t-shirt,NL,top
t-shirt heren,67,t-shirt,NL,top
wit t-shirt,32,t-shirt,NL,top
tshirt,21,t-shirt,NL,top
t-shirt bedrukken,12,t-shirt,NL,top
ralph lauren t-shirt,7,t-shirt,NL,top
uniqlo,7,t-shirt,NL,top
ralph lauren,6,t-shirt,NL,top
merino t-shirt,6,t-shirt,NL,top
gymshark,5,t-shirt,NL,top
under armour,4,t-shirt,NL,top
oversized t shirt,4,t-shirt,NL,top
t-shirt lange mouwen dames,4,t-shirt,NL,top
oversized t-shirt dames,4,t-shirt,NL,top
asos,3,t-shirt,NL,top
oversized t-shirt heren,3,t-shirt,NL,top
t-shirt heren merk,3,t-shirt,NL,top
louis vuitton t-shirt,2,t-shirt,NL,top
jd,2,t-shirt,NL,top
t-shirt dames met print,2,t-shirt,NL,top
t-shirt bedrukken hema,2,t-shirt,NL,top
t-shirt laten bedrukken,1,t-shirt,NL,top
ami paris t-shirt,1,t-shirt,NL,top
under armour tech emboss t-shirt,0,t-shirt,NL,top
oversized t-shirt heren,52650,t-shirt,NL,rising
louis vuitton t-shirt,38850,t-shirt,NL,rising
under armour tech emboss t-shirt,7750,t-shirt,NL,rising
jd,130,t-shirt,NL,rising
t-shirt laten bedrukken,120,t-shirt,NL,rising
ami paris t-shirt,110,t-shirt,NL,rising
t-shirt heren merk,80,t-shirt,NL,rising
t-shirt bedrukken hema,80,t-shirt,NL,rising
t-shirt dames met print,60,t-shirt,NL,rising
asos,50,t-shirt,NL,rising
oversized t shirt,50,t-shirt,NL,rising
oversized t-shirt dames,50,t-shirt,NL,rising
anoki pant,100,pant,SE,top
pant glasflaskor,67,pant,SE,top
pant bank,37,pant,SE,top
pant på burkar,37,pant,SE,top
lululemon,36,pant,SE,top
pant på glasflaskor,33,pant,SE,top
helly hansen legendary insulated pant,31,pant,SE,top
arcteryx,28,pant,SE,top
ny pant,24,pant,SE,top
haglöfs mid slim pant,13,pant,SE,top
haglöfs gabbro pant,6,pant,SE,top
carhartt klondike pant,5,pant,SE,top
haglöfs mid slim pant,28450,pant,SE,rising
haglöfs gabbro pant,13400,pant,SE,rising
carhartt klondike pant,11400,pant,SE,rising
anoki pant,80,pant,SE,rising
helly hansen legendary insulated pant,40,pant,SE,rising
wedding dress,100,dress,SE,top
the dress,92,dress,SE,top
white dress,90,dress,SE,top
black dress,87,dress,SE,top
dress to impress,81,dress,SE,top
maxi dress,78,dress,SE,top
mini dress,50,dress,SE,top
red dress,39,dress,SE,top
satin dress,37,dress,SE,top
midi dress,34,dress,SE,top
pink dress,32,dress,SE,top
lace dress,31,dress,SE,top
dress man,26,dress,SE,top
adoore,21,dress,SE,top
prom dress,20,dress,SE,top
malina,19,dress,SE,top
summer dress,18,dress,SE,top
asos,17,dress,SE,top
silk dress,16,dress,SE,top
cocktail dress,15,dress,SE,top
wedding guest dress,15,dress,SE,top
jeans dress,14,dress,SE,top
knitted dress,14,dress,SE,top
bridal dress,13,dress,SE,top
cape dress,13,dress,SE,top
rose mcgowan dress,16000,dress,SE,rising
true decadence dress,850,dress,SE,rising
vivienne westwood wedding dress,350,dress,SE,rising
poster dress,250,dress,SE,rising
dress like marie,200,dress,SE,rising
showpo white dress,190,dress,SE,rising
pretty little thing,170,dress,SE,rising
how to lose a guy in 10 days dress,160,dress,SE,rising
showpo,150,dress,SE,rising
lulus dress,130,dress,SE,rising
jaded london,100,dress,SE,rising
adidas dress dam,90,dress,SE,rising
babyboo,70,dress,SE,rising
babyboo dress,70,dress,SE,rising
peppermayo,70,dress,SE,rising
missoni dress,70,dress,SE,rising
white mini dress,70,dress,SE,rising
oh polly dress,60,dress,SE,rising
prom dress,60,dress,SE,rising
oh polly,60,dress,SE,rising
sandro dress,60,dress,SE,rising
bridal dress,50,dress,SE,rising
wedding guest dress,40,dress,SE,rising
t-shirt herr,100,t-shirt,SE,top
t-shirt dam,98,t-shirt,SE,top
t shirt,85,t-shirt,SE,top
långärmad t-shirt,35,t-shirt,SE,top
vit t-shirt,35,t-shirt,SE,top
t-shirt barn,31,t-shirt,SE,top
t-shirt med tryck,28,t-shirt,SE,top
tshirt,26,t-shirt,SE,top
svart t-shirt,22,t-shirt,SE,top
oversized t-shirt,21,t-shirt,SE,top
ralph lauren t-shirt,18,t-shirt,SE,top
ralph lauren,16,t-shirt,SE,top
nike t-shirt,14,t-shirt,SE,top
adidas t-shirt,13,t-shirt,SE,top
tränings t-shirt,13,t-shirt,SE,top
polo t-shirt,11,t-shirt,SE,top
t-shirts,11,t-shirt,SE,top
långärmad t-shirt dam,11,t-shirt,SE,top
långärmad t-shirt herr,10,t-shirt,SE,top
tryck på t-shirt,10,t-shirt,SE,top
gym t-shirt,9,t-shirt,SE,top
oversized t-shirt dam,9,t-shirt,SE,top
vit t-shirt dam,8,t-shirt,SE,top
h&m,8,t-shirt,SE,top
polo ralph lauren t-shirt,8,t-shirt,SE,top
fruit of the loom t-shirt,35950,t-shirt,SE,rising
west coast choppers t-shirt,16950,t-shirt,SE,rising
star wars t-shirt,200,t-shirt,SE,rising
gymshark,160,t-shirt,SE,rising
bläck t-shirt,120,t-shirt,SE,rising
t-shirt med tryck herr,100,t-shirt,SE,rising
gym t-shirt,80,t-shirt,SE,rising
emp,80,t-shirt,SE,rising
h&m,60,t-shirt,SE,rising
carhartt,100,pant,PL,top
anoki pant,14,pant,PL,top
carhartt brandon pant,14,pant,PL,top
carhartt newel pant,12,pant,PL,top
gaia conception anoki pant shade fox,12,pant,PL,top
carhartt simple pant,10,pant,PL,top
gramicci voyager pant,9,pant,PL,top
arcteryx beta pant,9,pant,PL,top
carhartt evan pant,9,pant,PL,top
gramicci gadget pant,6,pant,PL,top
carhartt master pant,6,pant,PL,top
carhartt landon pant,5,pant,PL,top
roblox pant template,4,pant,PL,top
gaia conception anoki pant shade fox,74250,pant,PL,rising
arcteryx beta pant,53850,pant,PL,rising
gramicci gadget pant,38150,pant,PL,rising
roblox pant template,25350,pant,PL,rising
gramicci voyager pant,180,pant,PL,rising
carhartt evan pant,110,pant,PL,rising
anoki pant,40,pant,PL,rising
dress to impress,100,dress,PL,top
dress code,92,dress,PL,top
dress up,69,dress,PL,top
black dress,69,dress,PL,top
wedding dress,61,dress,PL,top
dress me,41,dress,PL,top
dress on now,40,dress,PL,top
white dress,34,dress,PL,top
maxi dress,33,dress,PL,top
dress up darling,32,dress,PL,top
red dress,32,dress,PL,top
prom dress,28,dress,PL,top
my dress up darling,27,dress,PL,top
blue dress,27,dress,PL,top
slavic dress,25,dress,PL,top
slavic dress shop,22,dress,PL,top
pink dress,18,dress,PL,top
babyboo,17,dress,PL,top
babyboo dress,17,dress,PL,top
lace dress,15,dress,PL,top
oh polly,14,dress,PL,top
oh polly dress,14,dress,PL,top
kody dress to impress,14,dress,PL,top
gold dress,13,dress,PL,top
kody do dress to impress,11,dress,PL,top
son de flor dress,19650,dress,PL,rising
bow strap midi dress astr the label,9850,dress,PL,rising
sondeflor dress,5000,dress,PL,rising
jennifer lopez green dress,700,dress,PL,rising
mango velvet dress,400,dress,PL,rising
slavic dress,300,dress,PL,rising
slavic dress shop,300,dress,PL,rising
acubi dress to impress,190,dress,PL,rising
cocktail dress code,150,dress,PL,rising
dress on now opinie,140,dress,PL,rising
sonia dress code,140,dress,PL,rising
dress on now,130,dress,PL,rising
azazie,130,dress,PL,rising
zapaka,130,dress,PL,rising
smart casual dress code,100,dress,PL,rising
poster dress,90,dress,PL,rising
fenity dress,80,dress,PL,rising
my dress up darling season 3,80,dress,PL,rising
babyboo,70,dress,PL,rising
prom dress,70,dress,PL,rising
babyboo dress,60,dress,PL,rising
nike dress,50,dress,PL,rising
t-shirt damski,100,t-shirt,PL,top
t-shirt męski,70,t-shirt,PL,top
t shirt,64,t-shirt,PL,top
biały t-shirt,30,t-shirt,PL,top
nike t-shirt,28,t-shirt,PL,top
czarny t-shirt,27,t-shirt,PL,top
tshirt,25,t-shirt,PL,top
t-shirt z nadrukiem,21,t-shirt,PL,top
t-shirt roblox,17,t-shirt,PL,top
t-shirt meski,15,t-shirt,PL,top
reserved t-shirt,14,t-shirt,PL,top
ralph lauren t-shirt,14,t-shirt,PL,top
ralph lauren,14,t-shirt,PL,top
polo ralph lauren,10,t-shirt,PL,top
biały t-shirt damski,10,t-shirt,PL,top
polo ralph lauren t-shirt,10,t-shirt,PL,top
house t-shirt,8,t-shirt,PL,top
biały t-shirt męski,3,t-shirt,PL,top
true religion,1,t-shirt,PL,top
true religion,9900,t-shirt,PL,rising
reserved t-shirt,70,t-shirt,PL,rising
biały t-shirt męski,40,t-shirt,PL,rising
pants,100,pant,AU,top
black pant,60,pant,AU,top
linen pant,50,pant,AU,top
white pant,42,pant,AU,top
pant set,42,pant,AU,top
wide leg pant,31,pant,AU,top
pant suit,28,pant,AU,top
cargo pant,22,pant,AU,top
work pant,20,pant,AU,top
brown pant,17,pant,AU,top
track pant,14,pant,AU,top
linen pants,12,pant,AU,top
silk pant,11,pant,AU,top
pant suits,10,pant,AU,top
uniqlo,9,pant,AU,top
lace pant,9,pant,AU,top
satin pant,8,pant,AU,top
barrel pant,8,pant,AU,top
white linen pant,8,pant,AU,top
pant sets,8,pant,AU,top
do cats pant,3,pant,AU,top
silk pant set,2,pant,AU,top
maternity pant,2,pant,AU,top
carhartt brandon pant,2,pant,AU,top
lululemon daydrift pant,2,pant,AU,top
do cats pant when hot,9700,pant,AU,rising
do cats pant,190,pant,AU,rising
why do cats pant,150,pant,AU,rising
carhartt brandon pant,80,pant,AU,rising
coat pant for men,70,pant,AU,rising
track pant shorts,60,pant,AU,rising
lululemon daydrift pant,60,pant,AU,rising
work pant,50,pant,AU,rising
silk pant set,50,pant,AU,rising
maternity pant,50,pant,AU,rising
carhartt landon pant,40,pant,AU,rising
aritzia effortless pant,40,pant,AU,rising
black dress,100,dress,AU,top
mini dress,63,dress,AU,top
white dress,62,dress,AU,top
wedding dress,60,dress,AU,top
maxi dress,58,dress,AU,top
dresses,48,dress,AU,top
blue dress,39,dress,AU,top
pink dress,32,dress,AU,top
midi dress,32,dress,AU,top
red dress,25,dress,AU,top
green dress,22,dress,AU,top
shirt dress,22,dress,AU,top
brown dress,21,dress,AU,top
formal dress,21,dress,AU,top
linen dress,21,dress,AU,top
dress hire,20,dress,AU,top
lace dress,18,dress,AU,top
kmart dress,16,dress,AU,top
yellow dress,15,dress,AU,top
summer dress,15,dress,AU,top
halter dress,15,dress,AU,top
party dress,14,dress,AU,top
gold dress,13,dress,AU,top
floral dress,12,dress,AU,top
wedding guest dress,12,dress,AU,top
scg members dress code,160,dress,AU,rising
dress hire au,80,dress,AU,rising
engagement party dress,60,dress,AU,rising
dress hire,40,dress,AU,rising
work dress,40,dress,AU,rising
white t-shirt,100,t-shirt,AU,top
cotton t-shirt,98,t-shirt,AU,top
black t-shirt,86,t-shirt,AU,top
t-shirt dress,52,t-shirt,AU,top
nike,44,t-shirt,AU,top
nike t-shirt,42,t-shirt,AU,top
t-shirt printing,40,t-shirt,AU,top
uniqlo,33,t-shirt,AU,top
shorts,31,t-shirt,AU,top
t-shirt bra,31,t-shirt,AU,top
red t-shirt,30,t-shirt,AU,top
roblox t-shirt,18,t-shirt,AU,top
brown t-shirt,17,t-shirt,AU,top
ralph lauren,17,t-shirt,AU,top
linen t-shirt,15,t-shirt,AU,top
polo ralph lauren,12,t-shirt,AU,top
oversized t shirt,12,t-shirt,AU,top
tommy hilfiger,11,t-shirt,AU,top
iconic,11,t-shirt,AU,top
stranger things t-shirt,10,t-shirt,AU,top
t-shirt printing melbourne,5,t-shirt,AU,top
t-shirt printing sydney,4,t-shirt,AU,top
tommy hilfiger t-shirt polo,3,t-shirt,AU,top
oversized gym t-shirt women's,3,t-shirt,AU,top
chrome hearts t-shirt,3,t-shirt,AU,top
tommy hilfiger t-shirt polo,20650,t-shirt,AU,rising
home t-shirt shark tank update,6700,t-shirt,AU,rising
t-shirt printing sydney,300,t-shirt,AU,rising
t-shirt printing melbourne,180,t-shirt,AU,rising
t-shirt printing brisbane,150,t-shirt,AU,rising
stranger things hellfire club t-shirt,130,t-shirt,AU,rising
oversized gym t-shirt women's,130,t-shirt,AU,rising
chrome hearts t-shirt,100,t-shirt,AU,rising
t-shirt printing,50,t-shirt,AU,rising
linen pant,100,pant,NZ,top
pant suit,58,pant,NZ,top
assembly label lola pant,16,pant,NZ,top
why do dogs pant,15,pant,NZ,top
pant hangers,13,pant,NZ,top
rishabh pant,8,pant,NZ,top
lululemon groove flare pant,8,pant,NZ,top
pant hanger,3,pant,NZ,top
lululemon groove flare pant,41300,pant,NZ,rising
black dress,100,dress,NZ,top
dress nz,44,dress,NZ,top
wedding dress,18,dress,NZ,top
white dress,14,dress,NZ,top
maxi dress,13,dress,NZ,top
mini dress,12,dress,NZ,top
dresses,12,dress,NZ,top
blue dress,9,dress,NZ,top
pink dress,7,dress,NZ,top
midi dress,7,dress,NZ,top
shirt dress,6,dress,NZ,top
green dress,6,dress,NZ,top
red dress,6,dress,NZ,top
dresses nz,5,dress,NZ,top
brown dress,5,dress,NZ,top
linen dress,5,dress,NZ,top
cheap laptop,5,dress,NZ,top
dress shoes,5,dress,NZ,top
summer dress,5,dress,NZ,top
wedding dress nz,4,dress,NZ,top
wedding guest dress,4,dress,NZ,top
denim dress,4,dress,NZ,top
dress rental,4,dress,NZ,top
yellow dress,4,dress,NZ,top
white dress nz,4,dress,NZ,top
black tie dress code,110,dress,NZ,rising
dress rentals,100,dress,NZ,rising
dress rental nz,90,dress,NZ,rising
dress rentals nz,70,dress,NZ,rising
dress rental,70,dress,NZ,rising
babyboo,60,dress,NZ,rising
bec and bridge,50,dress,NZ,rising
meshki,50,dress,NZ,rising
peppermayo dress,40,dress,NZ,rising
peppermayo,40,dress,NZ,rising
dress hire nz,40,dress,NZ,rising
wedding guest dress,40,dress,NZ,rising
strapless dress,40,dress,NZ,rising
shirt,100,t-shirt,NZ,top
cotton on,9,t-shirt,NZ,top
roblox t-shirt,9,t-shirt,NZ,top
f-caw-f t-shirt,4,t-shirt,NZ,top
f-caw-f t-shirt,65800,t-shirt,NZ,rising
roblox t-shirt,110,t-shirt,NZ,rising
shirt pant,100,pant,AE,top
black pant,40,pant,AE,top
white pant,32,pant,AE,top
pants,24,pant,AE,top
rishabh pant,22,pant,AE,top
jeans pant,18,pant,AE,top
cargo pant,10,pant,AE,top
track pant,8,pant,AE,top
paint,7,pant,AE,top
black shirt matching pant,5,pant,AE,top
korean pant,4,pant,AE,top
harsh v pant,4,pant,AE,top
pant size chart,3,pant,AE,top
ski pant,3,pant,AE,top
yashasvi jaiswal,3,pant,AE,top
nitish rana,3,pant,AE,top
prasidh krishna,3,pant,AE,top
navy blue shirt matching pant,3,pant,AE,top
lululemon,2,pant,AE,top
nitish kumar reddy,2,pant,AE,top
shubman gill,2,pant,AE,top
harshit rana,2,pant,AE,top
mohammed siraj,2,pant,AE,top
olive green shirt matching pant,2,pant,AE,top
arshdeep singh,1,pant,AE,top
yashasvi jaiswal,56350,pant,AE,rising
prasidh krishna,54700,pant,AE,rising
nitish kumar reddy,51600,pant,AE,rising
shubman gill,50850,pant,AE,rising
harshit rana,47550,pant,AE,rising
mohammed siraj,43050,pant,AE,rising
arshdeep singh,27050,pant,AE,rising
black shirt matching pant,110,pant,AE,rising
pant house,110,pant,AE,rising
olive green shirt matching pant,60,pant,AE,rising
harsh v pant,50,pant,AE,rising
nitish rana,50,pant,AE,rising
women dress,100,dress,AE,top
black dress,82,dress,AE,top
wedding dress,74,dress,AE,top
white dress,72,dress,AE,top
dress for women,70,dress,AE,top
long dress,54,dress,AE,top
kids dress,47,dress,AE,top
girls dress,47,dress,AE,top
red dress,43,dress,AE,top
blue dress,41,dress,AE,top
party dress,39,dress,AE,top
maxi dress,38,dress,AE,top
baby dress,37,dress,AE,top
pink dress,36,dress,AE,top
dresses,33,dress,AE,top
traditional dress,31,dress,AE,top
dress to impress,29,dress,AE,top
ladies dress,25,dress,AE,top
shirt dress,24,dress,AE,top
formal dress,22,dress,AE,top
mini dress,22,dress,AE,top
night dress,22,dress,AE,top
zara dress,21,dress,AE,top
gold dress,20,dress,AE,top
midi dress,20,dress,AE,top
indo western dress for women,450,dress,AE,rising
aje dress,200,dress,AE,rising
filipiniana dress,110,dress,AE,rising
indo western dress,100,dress,AE,rising
black tie dress code,90,dress,AE,rising
cider,70,dress,AE,rising
traditional dress,70,dress,AE,rising
graduation dress,70,dress,AE,rising
how to choose a wedding dress,60,dress,AE,rising
birthday dress,60,dress,AE,rising
jalabiya dress,60,dress,AE,rising
asos,50,dress,AE,rising
prayer dress,50,dress,AE,rising
gucci dress,50,dress,AE,rising
kids dress,40,dress,AE,rising
white t-shirt,100,t-shirt,AE,top
xxxxl t-shirt,21,t-shirt,AE,top
ami paris t-shirt,9,t-shirt,AE,top
xxxxl t-shirt men,8,t-shirt,AE,top
off-white t-shirt,6,t-shirt,AE,top
balmain t-shirt original,5,t-shirt,AE,top
balmain t-shirt original,33250,t-shirt,AE,rising
pant shirt,100,pant,SA,top
coat pant,48,pant,SA,top
jeans pant,37,pant,SA,top
rishabh pant,23,pant,SA,top
cargo pant,21,pant,SA,top
priyansh arya,8,pant,SA,top
nitish rana,4,pant,SA,top
vijay hazare trophy,2,pant,SA,top
yashasvi jaiswal,2,pant,SA,top
3 piece coat pant,1,pant,SA,top
yashasvi jaiswal,31400,pant,SA,rising
3 piece coat pant,20500,pant,SA,rising
cargo pant,50,pant,SA,rising
pant minoxidil,100,pant,BR,top
hot pant,85,pant,BR,top
pant sec,63,pant,BR,top
biquini hot pant,35,pant,BR,top
pant sec minoxidil,29,pant,BR,top
biquíni hot pant,10,pant,BR,top
pant spray,9,pant,BR,top
hot pant carnaval,9,pant,BR,top
pant ache,9,pant,BR,top
calcinha hot pant,8,pant,BR,top
minoxidil ache pant,7,pant,BR,top
pampers pant,6,pant,BR,top
pant sec diferença,6,pant,BR,top
pant sec spray,5,pant,BR,top
pant 50mg/ml,5,pant,BR,top
pant 5%,5,pant,BR,top
short hot pant,5,pant,BR,top
minoxidil pant barba,5,pant,BR,top
minoxidil pant spray,4,pant,BR,top
minoxidil pant preço,4,pant,BR,top
paint,4,pant,BR,top
conjunto hot pant,4,pant,BR,top
hot pant azul,3,pant,BR,top
pant sec 50mg/ml,3,pant,BR,top
hot pant preta,3,pant,BR,top
conjunto hot pant carnaval,250,pant,BR,rising
hot pant carnaval,160,pant,BR,rising
hot pant verde,110,pant,BR,rising
hot pant preta,100,pant,BR,rising
pant sec spray,60,pant,BR,rising
pant 5%,60,pant,BR,rising
minoxidil pant valor,60,pant,BR,rising
hot pant vermelha,60,pant,BR,rising
hot pant azul,60,pant,BR,rising
minoxidil ache pant,60,pant,BR,rising
short hot pant,50,pant,BR,rising
pant sec 50mg/ml,50,pant,BR,rising
pant spray,40,pant,BR,rising
dress to,100,dress,BR,top
dress impress,40,dress,BR,top
dress to impress,38,dress,BR,top
dress code,21,dress,BR,top
dress up,16,dress,BR,top
wedding dress,10,dress,BR,top
dress up darling,8,dress,BR,top
my dress up darling,7,dress,BR,top
white dress,5,dress,BR,top
vestido dress to,5,dress,BR,top
slip dress,4,dress,BR,top
love dress,3,dress,BR,top
it dress,2,dress,BR,top
viva dress,2,dress,BR,top
dress watch,2,dress,BR,top
dress to impress codes,2,dress,BR,top
dress tradução,2,dress,BR,top
how to choose a wedding dress,2,dress,BR,top
dress shirt,2,dress,BR,top
ross dress for less,2,dress,BR,top
dress taylor,1,dress,BR,top
dress to impress roblox,1,dress,BR,top
summer dress,1,dress,BR,top
sleep dress,1,dress,BR,top
notebook barato,1,dress,BR,top
dirty dress,850,dress,BR,rising
say yes 2 the dress,250,dress,BR,rising
follow my dress,180,dress,BR,rising
alugue seu dress,160,dress,BR,rising
viva dress reclame aqui,160,dress,BR,rising
dress code esporte fino,150,dress,BR,rising
gazela dress,110,dress,BR,rising
dress code casual,70,dress,BR,rising
dress code o que significa,70,dress,BR,rising
viva dress,70,dress,BR,rising
cheap laptop,60,dress,BR,rising
notebook barato,60,dress,BR,rising
o que é dress code,50,dress,BR,rising
dress code o que é,50,dress,BR,rising
dress code social,50,dress,BR,rising
dress code tradução,50,dress,BR,rising
dress to impress neopets,50,dress,BR,rising
dress code feminino,50,dress,BR,rising
dress cod,50,dress,BR,rising
slip dress preto,50,dress,BR,rising
t-shirt roblox,100,t-shirt,BR,top
roblox,100,t-shirt,BR,top
shirt,20,t-shirt,BR,top
t-shirt feminina,17,t-shirt,BR,top
camiseta t-shirt,17,t-shirt,BR,top
camisa t-shirt,16,t-shirt,BR,top
t shirt,16,t-shirt,BR,top
t-shirt girl,13,t-shirt,BR,top
t-shirt girl roblox,12,t-shirt,BR,top
blusa t-shirt,10,t-shirt,BR,top
t shirt roblox,10,t-shirt,BR,top
white t-shirt,7,t-shirt,BR,top
t-shirt farm,7,t-shirt,BR,top
t-shirt preta,7,t-shirt,BR,top
vestido t-shirt,6,t-shirt,BR,top
tech t-shirt,4,t-shirt,BR,top
t-shirt branca,4,t-shirt,BR,top
t-shirt roblox boy,4,t-shirt,BR,top
roupa roblox t-shirt,4,t-shirt,BR,top
t-shirt emo,4,t-shirt,BR,top
tshirt,4,t-shirt,BR,top
t-shirt roblox masculino,4,t-shirt,BR,top
t-shirt roblox emo,4,t-shirt,BR,top
o que é t-shirt,3,t-shirt,BR,top
mockup t-shirt,3,t-shirt,BR,top
migos t-shirt,7700,t-shirt,BR,rising
roblox create t-shirt,350,t-shirt,BR,rising
c00lkidd t-shirt,110,t-shirt,BR,rising
mockup t-shirt,90,t-shirt,BR,rising
long sleeve t-shirt,60,t-shirt,BR,rising
impr pant,100,pant,AR,top
cual es la tecla impr pant,6,pant,AR,top
cual es la tecla impr pant,88050,pant,AR,rising
dress to impress,100,dress,AR,top
dress up,27,dress,AR,top
dress code,26,dress,AR,top
dress up darling,16,dress,AR,top
my darling dress up,15,dress,AR,top
codigos dress to impress,4,dress,AR,top
dress code elegante,3,dress,AR,top
codigos de dress to impress,2,dress,AR,top
the hollies long cool woman in a black dress,2,dress,AR,top
ross dress for less,2,dress,AR,top
my dress up darling manga,2,dress,AR,top
códigos de dress to impress,2,dress,AR,top
dress my cell,2,dress,AR,top
vortella's dress up,2,dress,AR,top
how to choose a wedding dress,2,dress,AR,top
dress up games,1,dress,AR,top
dress code que significa,1,dress,AR,top
dress code significado,1,dress,AR,top
serena dress,1,dress,AR,top
magic dress,1,dress,AR,top
dress code formal,1,dress,AR,top
sindrome dress,1,dress,AR,top
casa dress,1,dress,AR,top
slip dress,1,dress,AR,top
dress to impress codes 2025,1,dress,AR,top
eclipse dress to impress,19350,dress,AR,rising
parisian night dress to impress,19150,dress,AR,rising
1950 dress to impress,14850,dress,AR,rising
phone app dress to impress,13150,dress,AR,rising
estilo retro dress to impress,12850,dress,AR,rising
stripes galore dress to impress,11050,dress,AR,rising
teddy swims devil in a dress,9850,dress,AR,rising
bossy dress to impress,9050,dress,AR,rising
grocery run dress to impress,6250,dress,AR,rising
dulce 16 dress to impress,5100,dress,AR,rising
dystopia dress to impress,3000,dress,AR,rising
magic dress,300,dress,AR,rising
adquirido dress to impress,200,dress,AR,rising
dress to impress codes 2025,180,dress,AR,rising
socorrista dress to impress,170,dress,AR,rising
moda cinematica dress to impress,160,dress,AR,rising
serena dress,150,dress,AR,rising
how to choose a wedding dress,150,dress,AR,rising
dress code elegante,70,dress,AR,rising
slip dress,40,dress,AR,rising
roblox t-shirt,100,t-shirt,AR,top
roblox,95,t-shirt,AR,top
t-shirt roblox girl emo,4,t-shirt,AR,top
t-shirt roblox girl emo,169050,t-shirt,AR,rising
